titoloFile,hrefFile,titoloPagina,url
Andamento della mortalità giornaliera (SiSMG) nelle città italiane in relazione all’epidemia di Covid-19 - 1 gennaio 2021 - 24 maggio 2022,http://www.salute.gov.it/imgs/C_17_pubblicazioni_3235_allegato.pdf,Andamento della mortalità giornaliera SiSMG nelle città italiane in relazione all’epidemia di Covid-19 - 1 gennaio 2021 - 24 maggio 2022,https://www.salute.gov.it/portale/documentazione/p6_2_2_1.jsp?lingua=italiano&id=3235
Andamento della mortalità giornaliera (SiSMG) nelle città italiane in relazione all’epidemia di Covid-19 - 1 gennaio 2021 - 10 maggio 2022,http://www.salute.gov.it/imgs/C_17_pubblicazioni_3230_allegato.pdf,Andamento della mortalità giornaliera SiSMG nelle città italiane in relazione all’epidemia di Covid-19 - 1 gennaio 2021 - 10 maggio 2022,https://www.salute.gov.it/portale/documentazione/p6_2_2_1.jsp?lingua=italiano&id=3230
Andamento della mortalità giornaliera (SiSMG) nelle città italiane in relazione all’epidemia di Covid-19 - 1 gennaio 2021 - 26 aprile 2022,http://www.salute.gov.it/imgs/C_17_pubblicazioni_3226_allegato.pdf,Andamento della mortalità giornaliera SiSMG nelle città italiane in relazione all’epidemia di Covid-19 - 1 gennaio 2021 - 26 aprile 2022,https://www.salute.gov.it/portale/documentazione/p6_2_2_1.jsp?lingua=italiano&id=3226
Andamento della mortalità giornaliera (SiSMG) nelle città italiane in relazione all’epidemia di Covid-19 - 1 gennaio 2021 - 29 marzo 2022,http://www.salute.gov.it/imgs/C_17_pubblicazioni_3221_allegato.pdf,Andamento della mortalità giornaliera SiSMG nelle città italiane in relazione all’epidemia di Covid-19 - 1 gennaio 2021 - 29 marzo 2022,https://www.salute.gov.it/portale/documentazione/p6_2_2_1.jsp?lingua=italiano&id=3221
Andamento della mortalità giornaliera (SiSMG) nelle città italiane in relazione all’epidemia di Covid-19 - 1 gennaio 2021 - 15 marzo 2022,http://www.salute.gov.it/imgs/C_17_pubblicazioni_3210_allegato.pdf,Andamento della mortalità giornaliera SiSMG nelle città italiane in relazione all’epidemia di Covid-19 - 1 gennaio 2021 - 15 marzo 2022,https://www.salute.gov.it/portale/documentazione/p6_2_2_1.jsp?lingua=italiano&id=3210
Andamento della mortalità giornaliera (SiSMG) nelle città italiane in relazione all’epidemia di Covid-19 - 1 gennaio 2021 - 8 febbraio 2022,http://www.salute.gov.it/imgs/C_17_pubblicazioni_3190_allegato.pdf,Andamento della mortalità giornaliera SiSMG nelle città italiane in relazione all’epidemia di Covid-19 - 1 gennaio 2021 - 8 febbraio 2022,https://www.salute.gov.it/portale/documentazione/p6_2_2_1.jsp?lingua=italiano&id=3190
Andamento della mortalità giornaliera (SiSMG) nelle città italiane in relazione all’epidemia di Covid-19 - 1 gennaio 2021 - 1 febbraio 2022,http://www.salute.gov.it/imgs/C_17_pubblicazioni_3182_allegato.pdf,Andamento della mortalità giornaliera SiSMG nelle città italiane in relazione all’epidemia di Covid-19 - 1 gennaio 2021 - 1 febbraio 2022,https://www.salute.gov.it/portale/documentazione/p6_2_2_1.jsp?lingua=italiano&id=3182
Andamento della mortalità giornaliera (SiSMG) nelle città italiane in relazione all’epidemia di Covid-19 - 1 gennaio 2021 - 25 gennaio 2022,http://www.salute.gov.it/imgs/C_17_pubblicazioni_3177_allegato.pdf,Andamento della mortalità giornaliera SiSMG nelle città italiane in relazione all’epidemia di Covid-19 - 1 gennaio 2021 - 25 gennaio 2022,https://www.salute.gov.it/portale/documentazione/p6_2_2_1.jsp?lingua=italiano&id=3177
Andamento della mortalità giornaliera (SiSMG) nelle città italiane in relazione all’epidemia di Covid-19 - 1 gennaio 2021 - 11 gennaio 2022,http://www.salute.gov.it/imgs/C_17_pubblicazioni_3168_allegato.pdf,Andamento della mortalità giornaliera SiSMG nelle città italiane in relazione all’epidemia di Covid-19 - 1 gennaio 2021 - 11 gennaio 2022,https://www.salute.gov.it/portale/documentazione/p6_2_2_1.jsp?lingua=italiano&id=3168
Andamento della mortalità giornaliera (SiSMG) nelle città italiane in relazione all’epidemia di Covid-19 - 1 gennaio 2021 - 14 dicembre 2021,http://www.salute.gov.it/imgs/C_17_pubblicazioni_3157_allegato.pdf,Andamento della mortalità giornaliera SiSMG nelle città italiane in relazione all’epidemia di Covid-19 - 1 gennaio 2021 - 14 dicembre 2021,https://www.salute.gov.it/portale/documentazione/p6_2_2_1.jsp?lingua=italiano&id=3157
Andamento della mortalità giornaliera (SiSMG) nelle città italiane in relazione all’epidemia di Covid-19 - 1 gennaio 2021 - 30 novembre 2021,http://www.salute.gov.it/imgs/C_17_pubblicazioni_3153_allegato.pdf,Andamento della mortalità giornaliera SiSMG nelle città italiane in relazione all’epidemia di Covid-19 - 1 gennaio 2021 - 30 novembre 2021,https://www.salute.gov.it/portale/documentazione/p6_2_2_1.jsp?lingua=italiano&id=3153
Andamento della mortalità giornaliera (SiSMG) nelle città italiane in relazione all’epidemia di Covid-19 - 1 settembre 2020 - 16 novembre 2021,http://www.salute.gov.it/imgs/C_17_pubblicazioni_3147_allegato.pdf,Andamento della mortalità giornaliera SiSMG nelle città italiane in relazione all’epidemia di Covid-19 - 1 settembre 2020 - 16 novembre 2021,https://www.salute.gov.it/portale/documentazione/p6_2_2_1.jsp?lingua=italiano&id=3147
Andamento della mortalità giornaliera (SiSMG) nelle città italiane in relazione all’epidemia di Covid-19 - 1 settembre 2020 - 2 novembre 2021,http://www.salute.gov.it/imgs/C_17_pubblicazioni_3139_allegato.pdf,Andamento della mortalità giornaliera SiSMG nelle città italiane in relazione all’epidemia di Covid-19 - 1 settembre 2020 - 2 novembre 2021,https://www.salute.gov.it/portale/documentazione/p6_2_2_1.jsp?lingua=italiano&id=3139
Andamento della mortalità giornaliera (SiSMG) nelle città italiane in relazione all’epidemia di Covid-19 - 1 settembre 2020 - 19 ottobre 2021,http://www.salute.gov.it/imgs/C_17_pubblicazioni_3136_allegato.pdf,Andamento della mortalità giornaliera SiSMG nelle città italiane in relazione all’epidemia di Covid-19 - 1 settembre 2020 - 19 ottobre 2021,https://www.salute.gov.it/portale/documentazione/p6_2_2_1.jsp?lingua=italiano&id=3136
Andamento della mortalità giornaliera (SiSMG) nelle città italiane in relazione all’epidemia di Covid-19 - 1 settembre 2020 - 21 settembre 2021,http://www.salute.gov.it/imgs/C_17_pubblicazioni_3123_allegato.pdf,Andamento della mortalità giornaliera SiSMG nelle città italiane in relazione all’epidemia di Covid-19 - 1 settembre 2020 - 21 settembre 2021,https://www.salute.gov.it/portale/documentazione/p6_2_2_1.jsp?lingua=italiano&id=3123
Andamento della mortalità giornaliera (SiSMG) nelle città italiane in relazione all’epidemia di Covid-19 - 1 settembre 2020 - 27 luglio 2021,http://www.salute.gov.it/imgs/C_17_pubblicazioni_3102_allegato.pdf,Andamento della mortalità giornaliera SiSMG nelle città italiane in relazione all’epidemia di Covid-19 - 1 settembre 2020 - 27 luglio 2021,https://www.salute.gov.it/portale/documentazione/p6_2_2_1.jsp?lingua=italiano&id=3102
Andamento della mortalità giornaliera (SiSMG) nelle città italiane in relazione all’epidemia di Covid-19 - 1 settembre 2020 - 29 giugno 2021,http://www.salute.gov.it/imgs/C_17_pubblicazioni_3087_allegato.pdf,Andamento della mortalità giornaliera SiSMG nelle città italiane in relazione all’epidemia di Covid-19 - 1 settembre 2020 - 29 giugno 2021,https://www.salute.gov.it/portale/documentazione/p6_2_2_1.jsp?lingua=italiano&id=3087
Andamento della mortalità giornaliera (SiSMG) nelle città italiane in relazione all’epidemia di Covid-19 - 1 settembre 2020 - 15 giugno 2021,http://www.salute.gov.it/imgs/C_17_pubblicazioni_3085_allegato.pdf,Andamento della mortalità giornaliera SiSMG nelle città italiane in relazione all’epidemia di Covid-19 - 1 settembre 2020 - 15 giugno 2021,https://www.salute.gov.it/portale/documentazione/p6_2_2_1.jsp?lingua=italiano&id=3085
Andamento della mortalità giornaliera (SiSMG) nelle città italiane in relazione all’epidemia di Covid-19 - 1 settembre 2020 - 18 maggio 2021,http://www.salute.gov.it/imgs/C_17_pubblicazioni_3066_allegato.pdf,Andamento della mortalità giornaliera SiSMG nelle città italiane in relazione all’epidemia di Covid-19 - 1 settembre 2020 - 18 maggio 2021,https://www.salute.gov.it/portale/documentazione/p6_2_2_1.jsp?lingua=italiano&id=3066
Andamento della mortalità giornaliera (SiSMG) nelle città italiane in relazione all’epidemia di Covid-19 - 1 settembre 2020 - 4 maggio 2021,http://www.salute.gov.it/imgs/C_17_pubblicazioni_3062_allegato.pdf,Andamento della mortalità giornaliera SiSMG nelle città italiane in relazione all’epidemia di Covid-19 - 1 settembre 2020 - 4 maggio 2021,https://www.salute.gov.it/portale/documentazione/p6_2_2_1.jsp?lingua=italiano&id=3062
Andamento della mortalità giornaliera (SiSMG) nelle città italiane in relazione all’epidemia di Covid-19 - 1 settembre 2020 - 27 aprile 2021,http://www.salute.gov.it/imgs/C_17_pubblicazioni_3060_allegato.pdf,Andamento della mortalità giornaliera SiSMG nelle città italiane in relazione all’epidemia di Covid-19 - 1 settembre 2020 - 27 aprile 2021,https://www.salute.gov.it/portale/documentazione/p6_2_2_1.jsp?lingua=italiano&id=3060
Andamento della mortalità giornaliera (SiSMG) nelle città italiane in relazione all’epidemia di Covid-19 - 1 settembre 2020 - 20 aprile 2021,http://www.salute.gov.it/imgs/C_17_pubblicazioni_3058_allegato.pdf,Andamento della mortalità giornaliera SiSMG nelle città italiane in relazione all’epidemia di Covid-19 - 1 settembre 2020 - 20 aprile 2021,https://www.salute.gov.it/portale/documentazione/p6_2_2_1.jsp?lingua=italiano&id=3058
Andamento della mortalità giornaliera (SiSMG) nelle città italiane in relazione all’epidemia di Covid-19 - 1 settembre 2020 - 13 aprile 2021,http://www.salute.gov.it/imgs/C_17_pubblicazioni_3052_allegato.pdf,Andamento della mortalità giornaliera SiSMG nelle città italiane in relazione all’epidemia di Covid-19 - 1 settembre 2020 - 13 aprile 2021,https://www.salute.gov.it/portale/documentazione/p6_2_2_1.jsp?lingua=italiano&id=3052
Andamento della mortalità giornaliera (SiSMG) nelle città italiane in relazione all’epidemia di Covid-19 - 1 settembre 2020 - 6 aprile 2021,http://www.salute.gov.it/imgs/C_17_pubblicazioni_3047_allegato.pdf,Andamento della mortalità giornaliera SiSMG nelle città italiane in relazione all’epidemia di Covid-19 - 1 settembre 2020 - 6 aprile 2021,https://www.salute.gov.it/portale/documentazione/p6_2_2_1.jsp?lingua=italiano&id=3047
Andamento della mortalità giornaliera (SiSMG) nelle città italiane in relazione all’epidemia di Covid-19 - 1 settembre 2020 - 30 marzo 2021,http://www.salute.gov.it/imgs/C_17_pubblicazioni_3044_allegato.pdf,Andamento della mortalità giornaliera SiSMG nelle città italiane in relazione all’epidemia di Covid-19 - 1 settembre 2020 - 30 marzo 2021,https://www.salute.gov.it/portale/documentazione/p6_2_2_1.jsp?lingua=italiano&id=3044
