pa,titolo,dataApertura,dataChiusura,URL,dataAperturaDate,dataChiusuraDate
Ministero dell'Università e ricerca,"Partenariati estesi a Università, centri di ricerca, imprese",06/04/22,13/05/22,https://www.mur.gov.it/it/atti-e-normativa/avviso-n-341-del-15-03-2022,2022-04-06,2022-05-13
Ministero dell'Università e ricerca,"Partenariati estesi a Università, centri di ricerca, imprese",06/04/22,13/05/22,,2022-04-06,2022-05-13
Ministero dell'Innovazione tecnologica e transizione digitale,"Avviso - Misura 1.4.3 ""Adozione app IO"" - Aprile 2022",04/04/22,02/09/22,https://areariservata.padigitale2026.gov.it/Pa_digitale2026_dettagli_avviso?id=a017Q00000Z9vELQAZ,2022-04-04,2022-09-02
Ministero dell'Innovazione tecnologica e transizione digitale,"Avviso Misura 1.4.4 ""Estensione dell'utilizzo delle piattaforme nazionali di identità digitale - SPID CIE"" Aprile 2022",04/04/22,02/09/22,https://areariservata.padigitale2026.gov.it/Pa_digitale2026_dettagli_avviso?id=a017Q00000Z9i2jQAB,2022-04-04,2022-09-02
Ministero dell'Innovazione tecnologica e transizione digitale,"Misura 1.4.3 ""Adozione piattaforma pagoPA"" - Aprile 2022",04/04/22,02/09/22,https://areariservata.padigitale2026.gov.it/Pa_digitale2026_dettagli_avviso?id=a017Q00000Z9vFUQAZ,2022-04-04,2022-09-02
Ministero delle Infrastrutture e mobilità sostenibili,"Gara a procedura aperta per l'affidamento dei servizi, in modalità BIM, di progettazione definitiva, esecutiva e di coordinamento della sicurezza in fase di progettazione, con integrazione della fase progettuale di fattibilità tecnica ed economica e riserva di affidamento dei servizi di direzione dei lavori e di coordinamento della sicurezza in fase di esecuzione, dell’intervento di “Riorganizzazione Funzionale e Riqualificazione Energetica e Strutturale dell’ex complesso carcerario Le Nuove in Torino, ai fini del raggiungimento dell’obiettivo di centralizzazione dei servizi della Giustizia attraverso la ristrutturazione del braccio I da destinare ad uffici della Procura e del Tribunale, la ristrutturazione del braccio II da destinare a Tribunale e Procura e la ristrutturazione del braccio III da destinare a Tribunale di sorveglianza”-a valere sulle risorse del PNRR –M2C3 –I1.2",01/04/22,30/04/22,https://trasparenza.mit.gov.it/archivio11_bandi-gare-e-contratti_0_282350_876_1.html,2022-04-01,2022-04-30
Ministero degli Affari Esteri e Cooperazione Internazionale,"Avviso pubblico per la presentazione di Proposte di intervento per Servizi e Infrastrutture Sociali di comunità da finanziare nell’ambito del PNRR, Missione n. 5 “Inclusione e Coesione” del Piano nazionale ripresa e resilienza (PNRR), Componente 3: “Interventi speciali per la coesione territoriale” –Investimento 1: “Strategia nazionale per le aree interne -Linea di intervento 1.1.1 “Potenziamento dei servizi e delle infrastrutture sociali di comunità” finanziato dall’Unione europea –NextGenerationEU",31/03/22,16/05/22,https://www.agenziacoesione.gov.it/bandi-agenzia/avviso-pubblico-per-la-presentazione-di-proposte-di-intervento-per-servizi-e-infrastrutture-sociali-di-comunita-da-finanziare-nellambito-del-pnrr/,2022-03-31,2022-05-16
Ministero del Sud e Coesione Territoriale,"Avviso pubblico per la presentazione di Proposte di intervento per Servizi e Infrastrutture Sociali di comunità da finanziare nell’ambito del PNRR, Missione n. 5 “Inclusione e Coesione” del Piano nazionale ripresa e resilienza (PNRR), Componente 3: “Interventi speciali per la coesione territoriale” –Investimento 1: “Strategia nazionale per le aree interne -Linea di intervento 1.1.1 “Potenziamento dei servizi e delle infrastrutture sociali di comunità” finanziato dall’Unione europea –NextGenerationEU",31/03/22,16/05/22,https://www.agenziacoesione.gov.it/bandi-agenzia/avviso-pubblico-per-la-presentazione-di-proposte-di-intervento-per-servizi-e-infrastrutture-sociali-di-comunita-da-finanziare-nellambito-del-pnrr/,2022-03-31,2022-05-16
Ministero delle Infrastrutture e mobilità sostenibili,"GARA EUROPEA A PROCEDURA APERTA AI SENSI DELL’ART. 60 DEL D.LGS. 50/2016 E SS.MM.II., PER L’AFFIDAMENTO DELL’APPALTO DEL SERVIZIO DI INGEGNERIA E ARCHITETTURA PER L’ESECUZIONE DELLE VERIFICHE DI VULNERABILITÀ SISMICA DA ESEGUIRSI SUL PALAZZO DI GIUSTIZIA “BRUNO CACCIA” IN TORINO -a valere sulle risorse del PNRR –M2C3 –I1.2",28/03/22,27/04/22,https://trasparenza.mit.gov.it/archivio11_bandi-gare-e-contratti_0_282273_876_1.html,2022-03-28,2022-04-27
Ministero della Transizione ecologica,"AVVISO PUBBLICO FINALIZZATO ALLA SELEZIONE DI PROPOSTE PROGETTUALI INERENTI ATTIVITA’ DI RICERCA E SVILUPPO, DA FINANZIARE NELL’AMBITO DEL PIANO NAZIONALE DI RIPRESA E RESILIENZA (PNRR), MISSIONE 2 “RIVOLUZIONE VERDE E TRANSIZIONE ECOLOGICA”, COMPONENTE 2 “ENERGIA RINNOVABILE, IDROGENO, RETE E MOBILITÀ SOSTENIBILE”, INVESTIMENTO 3.5 “RICERCA E SVILUPPO SULL’IDROGENO”, FINANZIATO DALL’UNIONE EUROPEA – NEXT GENERATION EU A VALERE SUL DECRETO DEL MINISTRO DELLA TRANSIZIONE ECOLOGICA DEL 23.12.2021, ART. 1, COMMA 5, LETTERA B)",24/03/22,09/05/22,https://www.mite.gov.it/sites/default/files/archivio/bandi/avviso_R_S_H2_tipo_b_23_03_2022.pdf,2022-03-24,2022-05-09
Ministero della Transizione ecologica,"AVVISO PUBBLICO FINALIZZATO ALLA SELEZIONE DI PROPOSTE PROGETTUALI INERENTI ATTIVITA’ DI RICERCA FONDAMENTALE NELL’AMBITO DEL PIANO NAZIONALE DI RIPRESA E RESILIENZA (PNRR), MISSIONE 2 “RIVOLUZIONE VERDE E TRANSIZIONE ECOLOGICA”, COMPONENTE 2 “ENERGIA RINNOVABILE, IDROGENO, RETE E MOBILITÀ SOSTENIBILE”, INVESTIMENTO 3.5 “RICERCA E SVILUPPO SULL’IDROGENO”, FINANZIATO DALL’UNIONE EUROPEA – NEXT GENERATION EU A VALERE SUL DECRETO DEL MINISTRO DELLA TRANSIZIONE ECOLOGICA DEL 23.12.2021, ART. 1, COMMA 5, LETTERA A.",24/03/22,09/05/22,https://www.mite.gov.it/sites/default/files/archivio/bandi/avviso_R_S_H2_tipo_a_23_03_2022.pdf,2022-03-24,2022-05-09
Ministero della Pubblica Amministrazione,"AVVISO PUBBLICO DI INVITO A MANIFESTARE INTERESSE RIVOLTO AI COMUNI ITALIANI PER LA SELEZIONE DI PROPOSTE DI INTERVENTO VOLTE A FAVORIRE LA REALIZZAZIONE O LA RIGENERAZIONE DI IMPIANTI SU CUI SUSSISTA UN PARTICOLARE INTERESSE SPORTIVO O AGONISTICO DA PARTE DI FEDERAZIONI SPORTIVE, DA FINANZIARE NELL’AMBITO DEL PNRR, MISSIONE 5 – INCLUSIONE E COESIONE, COMPONENTE 2 – INFRASTRUTTURE SOCIALI, FAMIGLIE, COMUNITÀ E TERZO SETTORE (M5C2), MISURA 3, INVESTIMENTO 3.1 - “SPORT E INCLUSIONE SOCIALE”, FINANZIATO DALL’UNIONE EUROPEA – NEXT GENERATION EU. - CLUSTER",23/03/22,22/04/22,https://www.sport.governo.it/it/,2022-03-23,2022-04-22
Presidenza del Consiglio dei Minisitri - Dip. per lo Sport,"AVVISO PUBBLICO DI INVITO A MANIFESTARE INTERESSE RIVOLTO AI COMUNI ITALIANI PER LA SELEZIONE DI PROPOSTE DI INTERVENTO VOLTE A FAVORIRE LA REALIZZAZIONE O LA RIGENERAZIONE DI IMPIANTI SU CUI SUSSISTA UN PARTICOLARE INTERESSE SPORTIVO O AGONISTICO DA PARTE DI FEDERAZIONI SPORTIVE, DA FINANZIARE NELL’AMBITO DEL PNRR, MISSIONE 5 – INCLUSIONE E COESIONE, COMPONENTE 2 – INFRASTRUTTURE SOCIALI, FAMIGLIE, COMUNITÀ E TERZO SETTORE (M5C2), MISURA 3, INVESTIMENTO 3.1 - “SPORT E INCLUSIONE SOCIALE”, FINANZIATO DALL’UNIONE EUROPEA – NEXT GENERATION EU. - CLUSTER 3",23/03/22,22/04/22,https://www.sport.governo.it/it/,2022-03-23,2022-04-22
Presidenza del Consiglio dei Minisitri - Dip. per lo Sport,"AVVISO PUBBLICO DI INVITO A MANIFESTARE INTERESSE RIVOLTO AI COMUNI ITALIANI PER LA SELEZIONE DI PROPOSTE DI INTERVENTO VOLTE A FAVORIRE LA REALIZZAZIONE O LA RIGENERAZIONE DI IMPIANTI SU CUI SUSSISTA UN PARTICOLARE INTERESSE SPORTIVO O AGONISTICO DA PARTE DI FEDERAZIONI SPORTIVE, DA FINANZIARE NELL’AMBITO DEL PNRR, MISSIONE 5 – INCLUSIONE E COESIONE, COMPONENTE 2 – INFRASTRUTTURE SOCIALI, FAMIGLIE, COMUNITÀ E TERZO SETTORE (M5C2), MISURA 3, INVESTIMENTO 3.1 - “SPORT E INCLUSIONE SOCIALE”, FINANZIATO DALL’UNIONE EUROPEA – NEXT GENERATION EU. - CLUSTER 3",23/03/22,22/04/22,,2022-03-23,2022-04-22
Ministero dell'Innovazione tecnologica e transizione digitale,Bando per la concessione di contributi pubblici nell’ambito del piano “Italia 5G” per la realizzazione di nuove infrastrutture di rete idonee a fornire servizi radiomobili con velocità di trasmissione di almeno 150 mbit/s in downlink e 30 mbit/s in uplink,21/03/22,27/04/22,https://www.infratelitalia.it/archivio-documenti/documenti/bando-contributi-italia-5g,2022-03-21,2022-04-27
Ministero dell'Innovazione tecnologica e transizione digitale,Bando per la concessione di contributi pubblici nell’ambito del piano “Italia 5G” per la realizzazione di rilegamenti in fibra ottica di siti radiomobili,21/03/22,27/04/22,https://www.infratelitalia.it/archivio-documenti/documenti/bando-piano-italia-5g,2022-03-21,2022-04-27
Ministero della Salute,"AVVISO PER MANIFESTAZIONE DI INTERESSE per la presentazione di PROPOSTE DI PARTNERSHIP PUBBLICO PRIVATO ai sensi degli artt. 180 e 183, c. 15, del Decreto legislativo 18 aprile 2016, n. 50 per l’AFFIDAMENTO DELLA CONCESSIONE per la progettazione, realizzazione e gestione dei Servizi Abilitanti della Piattaforma Nazionale di Telemedicina PNRR- Missione 6 Componente 1 sub-investimento 1.2.3. “Telemedicina”",18/03/22,18/05/22,https://www.agenas.gov.it/comunicazione/primo-piano/2061-agenas-pubblica-l%E2%80%99avviso-per-la-piattaforma-nazionale-di-telemedicina,2022-03-18,2022-05-18
Ministero delle Infrastrutture e mobilità sostenibili,"""Procedure per la presentazione delle proposte per interventi finalizzati alla riduzione delle perdite nelle reti di distribuzione dell’acqua, compresa la digitalizzazione e il monitoraggio delle reti a valere sulle risorse del PNRR – M2C4 - I4.2"".",09/03/22,19/05/22,https://dgdighe.mit.gov.it/categoria/articolo/_investimenti/misura_4_2,2022-03-09,2022-05-19
Ministero del Turismo,"ART. 4 DL 152/2021 – MODALITA’ APPLICATIVE PER L’ACCESSO ALLA PIATTAFORMA ONLINE PER LA FRUIZIONE DEL CREDITO D’IMPOSTA DI CUI ALL’ART. 4 DEL DECRETO-LEGGE 6 NOVEMBRE 2021, N. 152",04/03/22,04/04/22,https://www.ministeroturismo.gov.it/art-4-dl-152-2021-modalita-applicative-per-laccesso-alla-piattaforma-online-per-la-fruizione-del-credito-dimposta-di-cui-allart-4-del-decreto-legge-6-no/,2022-03-04,2022-04-04
Ministero dell'Innovazione tecnologica e transizione digitale,Proposte di interventi di potenziamento della resilienza cyber – A Ristoro,03/03/22,07/04/22,/content/dam/sogei-ng/bandi/bandi_acn/Avviso1_InterventiCyber.zip,2022-03-03,2022-04-07
Ministero dell'Innovazione tecnologica e transizione digitale,Proposte di interventi di potenziamento della resilienza cyber – A Ristoro,03/03/22,07/04/22,/content/dam/sogei-ng/bandi/bandi_acn/Avviso1_InterventiCyber_v2.zip,2022-03-03,2022-04-07
Ministero dell'Innovazione tecnologica e transizione digitale,Proposte di interventi di potenziamento della resilienza cyber – A Ristoro,03/03/22,07/04/22,/content/dam/sogei-ng/bandi/bandi_acn/Avviso1_InterventiCyber_v3.zip,2022-03-03,2022-04-07
Ministero dell'Innovazione tecnologica e transizione digitale,Proposte di interventi di potenziamento della resilienza cyber – A Ristoro,03/03/22,07/04/22,https://italiadomani.gov.it/content/dam/sogei-ng/bandi/bandi_acn/Avviso1_InterventiCyber_v3.zip,2022-03-03,2022-04-07
Ministero dell'Innovazione tecnologica e transizione digitale,Proposte di interventi di potenziamento della resilienza cyber – A Ristoro,03/03/22,07/04/22,https://italiadomani.gov.it/content/dam/sogei-ng/bandi/bandi_acn/Avviso1_InterventiCyber_v4.zip,2022-03-03,2022-04-07
Ministero dell'Innovazione tecnologica e transizione digitale,Proposte di interventi di potenziamento della resilienza cyber – A servizio,03/03/22,23/03/22,/content/dam/sogei-ng/bandi/bandi_acn/Avviso2_InterventiCyber.zip,2022-03-03,2022-03-23
Ministero dell'Innovazione tecnologica e transizione digitale,Proposte di interventi di potenziamento della resilienza cyber – A servizio,03/03/22,23/03/22,/content/dam/sogei-ng/bandi/bandi_acn/Avviso1_InterventiCyber_v2.zip,2022-03-03,2022-03-23
Ministero dell'Innovazione tecnologica e transizione digitale,Proposte di interventi di potenziamento della resilienza cyber – A servizio,03/03/22,23/03/22,https://italiadomani.gov.it/content/dam/sogei-ng/bandi/bandi_acn/Avviso2_InterventiCyber.zip,2022-03-03,2022-03-23
Ministero del Lavoro e politiche sociali,"Avviso pubblico 1/2022 per la presentazione di Proposte di intervento da parte degli Ambiti Sociali Territoriali da finanziare nell’ambito del Piano Nazionale di Ripresa e Resilienza (PNRR), Missione 5 “Inclusione e coesione”, Componente 2 ""Infrastrutture sociali, famiglie, comunità e terzo settore”, Sottocomponente 1 “Servizi sociali, disabilità e marginalità sociale”, Investimento 1.1 -Sostegno alle persone vulnerabili e prevenzione dell’istituzionalizzazione degli anziani non autosufficienti, Investimento 1.2 - Percorsi di autonomia per persone con disabilità, Investimento 1.3 - Housing temporaneo e stazioni di posta, finanziato dall’Unione europea – Next generation Eu",01/03/22,31/03/22,https://www.lavoro.gov.it/temi-e-priorita/poverta-ed-esclusione-sociale/Documents/DD-5-del-15022022-Avviso-1-2022-PNRR.pdf,2022-03-01,2022-03-31
Ministero del Turismo,"ART. 1, D.L. N. 152/2021 – MODALITA’ APPLICATIVE PER L’ACCESSO ALLA PIATTAFORMA ONLINE PER L’EROGAZIONE CREDITO D’IMPOSTA E CONTRIBUTO A FONDO PERDUTO PER LE IMPRESE TURISTICHE",28/02/22,30/03/22,https://www.ministeroturismo.gov.it/art-1-d-l-n-152-2021-modalita-applicative-per-laccesso-alla-piattaforma-online-per-lerogazione-credito-dimposta-e-contributo-a-fondo-perduto-per-le-im/,2022-02-28,2022-03-30
Ministero dell'Innovazione tecnologica e transizione digitale,"Procedura aperta ex artt. 28 e 60 del d.lgs. n. 50/2016 e s.m.i. per l’affidamento di appalto per la progettazione, fornitura e posa in opera del cavo sottomarino a fibre ottiche e relativa manutenzione, e della progettazione ed esecuzione dei lavori di realizzazione di infrastrutture costituite da impianti in fibra ottica, per la realizzazione del “Piano isole minori”",11/02/22,18/03/22,https://www.infratelitalia.it/archivio-documenti/documenti/avviso-gara-isole-minori,2022-02-11,2022-03-18
Ministero dell'Innovazione tecnologica e transizione digitale,Selezione di n. 80 esperti a supporto della operatività territoriale del Transformation Office nell’ambito del Dipartimento per la trasformazione digitale (DTD) in attuazione della Riforma 1.2 della Missione 1 - Componente 1 Asse 1 del PNRR.,08/02/22,23/02/22,https://innovazione.gov.it/dipartimento/posizioni-lavorative-pnrr/,2022-02-08,2022-02-23
Ministero dell'Università e ricerca,Decreto contenente il bando per i Progetti di Rilevante Interesse Nazionale 2022,07/02/22,31/03/22,https://www.mur.gov.it/it/atti-e-normativa/decreto-direttoriale-n-104-del-02-02-2022,2022-02-07,2022-03-31
Ministero dell'Università e ricerca,Decreto contenente il bando per i Progetti di Rilevante Interesse Nazionale 2022,07/02/22,31/03/22,,2022-02-07,2022-03-31
Ministero del Turismo,Gara SDAPA a 5 Lotti per HUB del turismo digitale,04/02/22,14/02/22,https://www.ministeroturismo.gov.it/gara-sdapa-a-5-lotti-per-hub-del-turismo-digitale/,2022-02-04,2022-02-14
Ministero dell'Università e ricerca,Avviso pubblico per la presentazione di proposte progettuali per “Rafforzamento e creazione di Infrastrutture di Ricerca” da finanziare nell’ambito del PNRR,31/01/22,28/02/22,https://www.mur.gov.it/sites/default/files/2021-12/Avviso%20n.%203264%20del%2028-12-2021.pdf,2022-01-31,2022-02-28
Ministero della Transizione ecologica,"INVITO ALLE REGIONI/PROVINCE AUTONOME A MANIFESTARE L’INTERESSE PER LA SELEZIONE DI PROPOSTE VOLTE ALLA REALIZZAZIONE DI SITI DI PRODUZIONE DI IDROGENO VERDE IN AREE INDUSTRIALI DISMESSE, DA FINANZIARE NELL’AMBITO DEL PIANO NAZIONALE DI RIPRESA E RESILIENZA",28/01/22,12/02/22,https://www.mite.gov.it/bandi/avviso-pubblico-emanato-dal-ministro-della-transizione-ecologica-relativo-all-investimento-3-1,2022-01-28,2022-02-12
Ministero dell'Innovazione tecnologica e transizione digitale,"Procedura aperta ex artt. 28 e 60 del d.lgs. n. 50/2016 e s.m.i. per la fornitura di servizi di connettività Internet a banda ultralarga presso scuole sul territorio italiano, compresa la fornitura e posa in opera della rete di accesso e servizi di gestione e manutenzione",28/01/22,15/03/22,https://www.infratelitalia.it/archivio-documenti/documenti/gara-scuole-2022,2022-01-28,2022-03-15
Ministero dell'Innovazione tecnologica e transizione digitale,"Procedura aperta ex artt. 28 e 60 del d.lgs. n. 50/2016 e s.m.i. per la fornitura di servizi di connettività Internet a banda ultralarga presso scuole sul territorio italiano, compresa la fornitura e posa in opera della rete di accesso e servizi di gestione e manutenzione",28/01/22,30/03/22,https://www.infratelitalia.it/archivio-documenti/documenti/gara-scuole-2022,2022-01-28,2022-03-30
Ministero dell'Innovazione tecnologica e transizione digitale,"Procedura aperta ex artt. 28 e 60 del d.lgs. n. 50/2016 e s.m.i. per la fornitura di servizi di connettività Internet a banda ultralarga presso scuole sul territorio italiano, compresa la fornitura e posa in opera della rete di accesso e servizi di gestione e manutenzione",28/01/22,11/04/22,https://www.infratelitalia.it/archivio-documenti/documenti/gara-scuole-2022,2022-01-28,2022-04-11
Ministero dell'Innovazione tecnologica e transizione digitale,"Procedura aperta ex artt. 28 e 60 del d.lgs. n. 50/2016 e s.m.i. per la fornitura di servizi di connettività a banda ultralarga presso le strutture del servizio sanitario pubblico sul territorio italiano, compresa la fornitura e posa in opera della rete di accesso e servizi di gestione e manutenzione",28/01/22,15/03/22,https://www.infratelitalia.it/archivio-documenti/documenti/gara-sanita-2022,2022-01-28,2022-03-15
Ministero dell'Innovazione tecnologica e transizione digitale,"Procedura aperta ex artt. 28 e 60 del d.lgs. n. 50/2016 e s.m.i. per la fornitura di servizi di connettività a banda ultralarga presso le strutture del servizio sanitario pubblico sul territorio italiano, compresa la fornitura e posa in opera della rete di accesso e servizi di gestione e manutenzione",28/01/22,30/03/22,https://www.infratelitalia.it/archivio-documenti/documenti/gara-sanita-2022,2022-01-28,2022-03-30
Ministero dell'Innovazione tecnologica e transizione digitale,"Procedura aperta ex artt. 28 e 60 del d.lgs. n. 50/2016 e s.m.i. per la fornitura di servizi di connettività a banda ultralarga presso le strutture del servizio sanitario pubblico sul territorio italiano, compresa la fornitura e posa in opera della rete di accesso e servizi di gestione e manutenzione",28/01/22,11/04/22,https://www.infratelitalia.it/archivio-documenti/documenti/gara-sanita-2022,2022-01-28,2022-04-11
Ministero dell'Innovazione tecnologica e transizione digitale,"Procedura aperta per l’affidamento, mediante un contratto di partenariato pubblico-privato, della realizzazione e gestione del Polo Strategico Nazionale",28/01/22,16/03/22,https://innovazione.gov.it/dipartimento/focus/polo-strategico-nazionale/,2022-01-28,2022-03-16
Ministero dell'Innovazione tecnologica e transizione digitale,"Procedura aperta per l’affidamento, mediante un contratto di partenariato pubblico-privato, della realizzazione e gestione del Polo Strategico Nazionale",28/01/22,21/03/22,https://innovazione.gov.it/dipartimento/focus/polo-strategico-nazionale/,2022-01-28,2022-03-21
Ministero dell'Innovazione tecnologica e transizione digitale,"Procedura aperta per l’affidamento, mediante un contratto di partenariato pubblico-privato, della realizzazione e gestione del Polo Strategico Nazionale",28/01/22,21/03/22,,2022-01-28,2022-03-21
Ministero della Cultura,"Avviso di Consultazione preliminare di mercato ai Sensi Dell’articolo 66 Del D.Lgs. 50/2016 in ordine all'acquisizione di servizi per la digitalizzazione del patrimonio culturale valido anche quale avviso di preinformazione ai Sensi Dell’articolo 70, Co. 1, del D.Lgs. 50/2016",26/01/22,21/02/22,https://digitallibrary.cultura.gov.it/notizie/consultazione-preliminare-di-mercato-in-ordine-allacquisizione-di-servizi-per-la-digitalizzazione-del-patrimonio-culturale/,2022-01-26,2022-02-21
Ministero dell'Università e ricerca,Avviso per la concessione di finanziamenti destinati alla realizzazione o ammodernamento di Infrastrutture tecnologiche di innovazione,26/01/22,10/03/22,https://www.mur.gov.it/sites/default/files/2021-12/Avviso%20n.%203265%20del%2028-12-2021.pdf,2022-01-26,2022-03-10
Ministero dell'Università e ricerca,"Creazione e rafforzamento di ""ecosistemi dell'innovazione per la sostenibilità"", costruendo ""leader territoriali di R&S""",24/01/22,24/02/22,https://www.mur.gov.it/it/atti-e-normativa/avviso-n-3277-del-30-12-2021,2022-01-24,2022-02-24
Ministero dell'Università e ricerca,"Creazione e rafforzamento di ""ecosistemi dell'innovazione per la sostenibilità"", costruendo ""leader territoriali di R&S""",24/01/22,24/02/22,,2022-01-24,2022-02-24
Ministero dell'Università e ricerca,Decreto del Ministro dell’Università e della Ricerca n. 1257 del 30 novembre 2021 che stabilisce le procedure e le modalità di accesso a circa 467 milioni di euro per cofinanziare interventi per la realizzazione di strutture residenziali universitarie,19/01/22,19/04/22,https://www.mur.gov.it/it/atti-e-normativa/decreto-ministeriale-n-1257-del-30-11-2021,2022-01-19,2022-04-19
Ministero dell'Università e ricerca,Decreto del Ministro dell’Università e della Ricerca n. 1257 del 30 novembre 2021 che stabilisce le procedure e le modalità di accesso a circa 467 milioni di euro per cofinanziare interventi per la realizzazione di strutture residenziali universitarie,19/01/22,17/05/22,https://www.mur.gov.it/it/atti-e-normativa/decreto-ministeriale-n-1257-del-30-11-2021,2022-01-19,2022-05-17
Ministero dell'Università e ricerca,Decreto del Ministro dell’Università e della Ricerca n. 1257 del 30 novembre 2021 che stabilisce le procedure e le modalità di accesso a circa 467 milioni di euro per cofinanziare interventi per la realizzazione di strutture residenziali universitarie,19/01/22,17/05/22,,2022-01-19,2022-05-17
Ministero dello Sviluppo economico,KDT JU Calls 2021,18/01/22,27/04/22,https://www.kdt-ju.europa.eu/calls/kdt-ju-calls-2021-0,2022-01-18,2022-04-27
Ministero dello Sviluppo economico,KDT JU Calls 2021,18/01/22,27/04/22,,2022-01-18,2022-04-27
Ministero dell'Università e ricerca,"Potenziamento strutture di ricerca e creazione di ""campioni nazionali"" di R&S su alcune ""Key Enabling Technologies""",17/01/22,15/02/22,https://www.mur.gov.it/it/atti-e-normativa/decreto-direttoriale-n3138-del-16-12-2021,2022-01-17,2022-02-15
Ministero dell'Innovazione tecnologica e transizione digitale,Bando per la concessione di contributi pubblici per il finanziamento di progetti di investimento per la realizzazione di nuove infrastrutture di telecomunicazioni e relativi apparati di accesso in grado di erogare servizi con capacità di almeno 1 gbit/s in download e 200 mbit/s in upload,15/01/22,16/03/22,https://www.infratelitalia.it/archivio-documenti/documenti/avviso-bando-italia-1-giga,2022-01-15,2022-03-16
Ministero dell'Innovazione tecnologica e transizione digitale,Bando per la concessione di contributi pubblici per il finanziamento di progetti di investimento per la realizzazione di nuove infrastrutture di telecomunicazioni e relativi apparati di accesso in grado di erogare servizi con capacità di almeno 1 gbit/s in download e 200 mbit/s in upload,15/01/22,31/03/22,https://www.infratelitalia.it/archivio-documenti/documenti/avviso-bando-italia-1-giga,2022-01-15,2022-03-31
Ministero della Cultura,"Avviso pubblico per la presentazione di Proposte di intervento per il restauro e la valorizzazione di parchi e giardini storici da finanziare nell’ambito del PNRR, Missione 1 – Digitalizzazione, innovazione, competitività e cultura, Component 3 – Cultura 4.0 (M1C3), Misura 2 “Rigenerazione di piccoli siti culturali, patrimonio culturale, religioso e rurale”, Investimento 2.3: “Programmi per valorizzare l’identità dei luoghi: parchi e giardini storici” finanziato dall’Unione europea – NextGenerationEU",30/12/21,15/03/22,https://cultura.gov.it/giardini,2021-12-30,2022-03-15
Ministero del Sud e Coesione Territoriale,"Avviso pubblico per la presentazione di proposte di intervento per la selezione di progetti socio-educativi strutturati per combattere la povertà educativa nel Mezzogiorno (Abruzzo, Basilicata, Campania, Calabria, Molise, Puglia, Sardegna e Sicilia) a sostegno del Terzo Settore da finanziare nell’ambito del PNRR, Missione 5 – Componente 3 – Investimento 3 Interventi socio-educativi strutturati per combattere la povertà educativa nel Mezzogiorno a sostegno del Terzo Settore – finanziato dall’Unione Europea – NextGenerationEU",30/12/21,01/03/22,https://www.agenziacoesione.gov.it/opportunita-e-bandi/avviso-pubblico-per-la-presentazione-di-proposte-di-intervento-per-la-selezione-di-progetti-socio-educativi-strutturati-per-combattere-la-poverta-educativa-nel-mezzogiorno/,2021-12-30,2022-03-01
Ministero del Sud e Coesione Territoriale,"Avviso pubblico per la presentazione di proposte di intervento per la selezione di progetti socio-educativi strutturati per combattere la povertà educativa nel Mezzogiorno (Abruzzo, Basilicata, Campania, Calabria, Molise, Puglia, Sardegna e Sicilia) a sostegno del Terzo Settore da finanziare nell’ambito del PNRR, Missione 5 – Componente 3 – Investimento 3 Interventi socio-educativi strutturati per combattere la povertà educativa nel Mezzogiorno a sostegno del Terzo Settore – finanziato dall’Unione Europea – NextGenerationEU",30/12/21,14/03/22,https://www.agenziacoesione.gov.it/opportunita-e-bandi/avviso-pubblico-per-la-presentazione-di-proposte-di-intervento-per-la-selezione-di-progetti-socio-educativi-strutturati-per-combattere-la-poverta-educativa-nel-mezzogiorno/,2021-12-30,2022-03-14
Ministero del Sud e Coesione Territoriale,"Avviso pubblico per la concessione di risorse destinate al consolidamento delle farmacie rurali da finanziare nell’ambito del PNRR, Missione n. 5 “Inclusione e Coesione” – Componente 3: “Interventi speciali per la coesione territoriale” - Investimento 1: Strategia nazionale per le aree interne – sub investimento 1.2 “Strutture sanitarie di prossimità territoriale” finanziato dall’Unione Europea- Next GenerationEU",29/12/21,30/06/22,https://www.agenziacoesione.gov.it/opportunita-e-bandi/avviso-pubblico-farmacie-rurali/,2021-12-29,2022-06-30
Ministero della Cultura,"Avviso pubblico per la presentazione di Proposte di intervento per la promozione dell’ecoefficienza e riduzione dei consumi energetici nelle sale teatrali e nei cinema, pubblici e privati, da finanziare nell’ambito del PNRR",27/12/21,18/03/22,http://www.spettacolodalvivo.beniculturali.it/avviso-pubblico-per-la-presentazione-di-proposte-di-intervento-per-la-promozione-dellecoefficienza-e-riduzione-dei-consumi-energetici-nelle-sale-teatrali-e-nei-cinema-pubblici-e-privati-da/,2021-12-27,2022-03-18
Ministero della Transizione ecologica,"AVVISO M2C.1.1 I 1.2 Linea d’intervento D “Infrastrutturazione della raccolta delle frazioni di tessili pre-consumo e post consumo, ammodernamento dell’impiantistica e realizzazione di nuovi impianti di riciclo delle frazioni tessili in ottica sistemica cd. “Textile Hubs”",21/12/21,21/02/22,https://www.mite.gov.it/sites/default/files/archivio/bandi/ECI/TESTO_COORDINATO_AVVISO_M2C1_1I1.2-LINEA_D.pdf,2021-12-21,2022-02-21
Ministero della Transizione ecologica,"AVVISO M2C.1.1 I 1.2 Linea d’intervento D “Infrastrutturazione della raccolta delle frazioni di tessili pre-consumo e post consumo, ammodernamento dell’impiantistica e realizzazione di nuovi impianti di riciclo delle frazioni tessili in ottica sistemica cd. “Textile Hubs”",21/12/21,23/03/22,https://www.mite.gov.it/sites/default/files/archivio/bandi/ECI/TESTO_COORDINATO_AVVISO_M2C1_1I1.2-LINEA_D.pdf,2021-12-21,2022-03-23
Ministero della Transizione ecologica,"AVVISO M2C.1.1 I 1.2 Linea d’intervento D “Infrastrutturazione della raccolta delle frazioni di tessili pre-consumo e post consumo, ammodernamento dell’impiantistica e realizzazione di nuovi impianti di riciclo delle frazioni tessili in ottica sistemica cd. “Textile Hubs”",21/12/21,23/03/22,https://www.mite.gov.it/sites/default/files/archivio/allegati/PNRR/2022_02_15_Avviso_proroga_termini_1.2_LineaD.pdf,2021-12-21,2022-03-23
Ministero della Transizione ecologica,"AVVISO M2C.1.1 I 1.2 Linea d’intervento C “Realizzazione di nuovi impianti per il riciclo dei rifiuti plastici (attraverso riciclo meccanico, chimico, Plastic Hubs), compresi i rifiuti di plastica in mare cd. Marine litter”",20/12/21,18/02/22,https://www.mite.gov.it/sites/default/files/archivio/bandi/ECI/TESTO_COORDINATO_AVVISO_M2C1_1I1.2-LINEA_C.pdf,2021-12-20,2022-02-18
Ministero della Transizione ecologica,"AVVISO M2C.1.1 I 1.2 Linea d’intervento C “Realizzazione di nuovi impianti per il riciclo dei rifiuti plastici (attraverso riciclo meccanico, chimico, Plastic Hubs), compresi i rifiuti di plastica in mare cd. Marine litter”",20/12/21,20/03/22,https://www.mite.gov.it/sites/default/files/archivio/bandi/ECI/TESTO_COORDINATO_AVVISO_M2C1_1I1.2-LINEA_C.pdf,2021-12-20,2022-03-20
Ministero della Transizione ecologica,"AVVISO M2C.1.1 I 1.2 Linea d’intervento C “Realizzazione di nuovi impianti per il riciclo dei rifiuti plastici (attraverso riciclo meccanico, chimico, Plastic Hubs), compresi i rifiuti di plastica in mare cd. Marine litter”",20/12/21,21/03/22,https://www.mite.gov.it/sites/default/files/archivio/allegati/PNRR/2022_02_15_Avviso_proroga_termini_1.2_LineaC.pdf,2021-12-20,2022-03-21
Ministero della Cultura,Avviso pubblico per la presentazione di Proposte di intervento per la rigenerazione culturale e sociale dei piccoli borghi storici,20/12/21,15/03/22,https://cultura.gov.it/borghi,2021-12-20,2022-03-15
Ministero della Transizione ecologica,"AVVISO M2C.1.1 I 1.2 Linea d’intervento B “Ammodernamento (anche con ampliamento di impianti esistenti) e realizzazione di nuovi impianti per il miglioramento della raccolta, della logistica e del riciclo dei rifiuti in carta e cartone”",16/12/21,14/02/22,https://www.mite.gov.it/sites/default/files/archivio/bandi/ECI/TESTO_COORDINATO_AVVISO_M2C1_1I1.2-LINEA_B.pdf,2021-12-16,2022-02-14
Ministero della Transizione ecologica,"AVVISO M2C.1.1 I 1.2 Linea d’intervento B “Ammodernamento (anche con ampliamento di impianti esistenti) e realizzazione di nuovi impianti per il miglioramento della raccolta, della logistica e del riciclo dei rifiuti in carta e cartone”",16/12/21,16/03/22,https://www.mite.gov.it/sites/default/files/archivio/bandi/ECI/TESTO_COORDINATO_AVVISO_M2C1_1I1.2-LINEA_B.pdf,2021-12-16,2022-03-16
Ministero della Transizione ecologica,"AVVISO M2C.1.1 I 1.2 Linea d’intervento B “Ammodernamento (anche con ampliamento di impianti esistenti) e realizzazione di nuovi impianti per il miglioramento della raccolta, della logistica e del riciclo dei rifiuti in carta e cartone”",16/12/21,16/03/22,https://www.mite.gov.it/sites/default/files/archivio/allegati/PNRR/2022_02_15_Avviso_proroga_termini_1.2_LineaB.pdf,2021-12-16,2022-03-16
Ministero della Transizione ecologica,"AVVISO M2C.1.1 I 1.2 Linea d’intervento A “Ammodernamento (anche con ampliamento di impianti esistenti) e realizzazione di nuovi impianti per il miglioramento della raccolta, della logistica e del riciclo dei rifiuti di apparecchiature elettriche ed elettroniche c.d. RAEE comprese pale di turbine eoliche e pannelli fotovoltaici",15/12/21,14/02/22,https://www.mite.gov.it/sites/default/files/archivio/bandi/ECI/TESTO_COORDINATO_AVVISO_M2C1_1I1.2-LINEA_A.pdf,2021-12-15,2022-02-14
Ministero della Transizione ecologica,"AVVISO M2C.1.1 I 1.2 Linea d’intervento A “Ammodernamento (anche con ampliamento di impianti esistenti) e realizzazione di nuovi impianti per il miglioramento della raccolta, della logistica e del riciclo dei rifiuti di apparecchiature elettriche ed elettroniche c.d. RAEE comprese pale di turbine eoliche e pannelli fotovoltaici",15/12/21,16/03/22,https://www.mite.gov.it/sites/default/files/archivio/bandi/ECI/TESTO_COORDINATO_AVVISO_M2C1_1I1.2-LINEA_A.pdf,2021-12-15,2022-03-16
Ministero della Transizione ecologica,AVVISO M2C.1.1 I 1.1 Linea d’Intervento A “Miglioramento e meccanizzazione della rete di raccolta differenziata dei rifiuti urbani”,14/12/21,14/02/22,https://www.mite.gov.it/sites/default/files/archivio/bandi/ECI/TESTO_COORDINATO_AVVISO_M2C1_1I1_1-LINEA_A.pdf,2021-12-14,2022-02-14
Ministero della Transizione ecologica,AVVISO M2C.1.1 I 1.1 Linea d’Intervento A “Miglioramento e meccanizzazione della rete di raccolta differenziata dei rifiuti urbani”,14/12/21,16/03/22,https://www.mite.gov.it/sites/default/files/archivio/bandi/ECI/TESTO_COORDINATO_AVVISO_M2C1_1I1_1-LINEA_A.pdf,2021-12-14,2022-03-16
Ministero della Transizione ecologica,AVVISO M2C.1.1 I 1.1 Linea d’Intervento B “Ammodernamento (anche con ampliamento di impianti esistenti) e realizzazione di nuovi impianti di trattamento/riciclo dei rifiuti urbani provenienti dalla raccolta differenziata”,14/12/21,14/02/22,https://www.mite.gov.it/sites/default/files/archivio/bandi/ECI/TESTO_COORDINATO_AVVISO_M2C1_1I1_1-LINEA_B.pdf,2021-12-14,2022-02-14
Ministero della Transizione ecologica,AVVISO M2C.1.1 I 1.1 Linea d’Intervento B “Ammodernamento (anche con ampliamento di impianti esistenti) e realizzazione di nuovi impianti di trattamento/riciclo dei rifiuti urbani provenienti dalla raccolta differenziata”,14/12/21,16/03/22,https://www.mite.gov.it/sites/default/files/archivio/bandi/ECI/TESTO_COORDINATO_AVVISO_M2C1_1I1_1-LINEA_B.pdf,2021-12-14,2022-03-16
Ministero della Transizione ecologica,"AVVISO M2C.1.1 I 1.1 Linea d’Intervento C “Ammodernamento (anche con ampliamento di impianti esistenti) e realizzazione di nuovi impianti innovativi di trattamento/riciclaggio per lo smaltimento di materiali assorbenti ad uso personale (PAD), i fanghi di acque reflue, i rifiuti di pelletteria e i rifiuti tessili”.",14/12/21,14/02/22,https://www.mite.gov.it/sites/default/files/archivio/bandi/ECI/TESTO_COORDINATO_AVVISO_M2C1_1I1_1-LINEA_C.pdf,2021-12-14,2022-02-14
Ministero della Transizione ecologica,"AVVISO M2C.1.1 I 1.1 Linea d’Intervento C “Ammodernamento (anche con ampliamento di impianti esistenti) e realizzazione di nuovi impianti innovativi di trattamento/riciclaggio per lo smaltimento di materiali assorbenti ad uso personale (PAD), i fanghi di acque reflue, i rifiuti di pelletteria e i rifiuti tessili”.",14/12/21,16/03/22,https://www.mite.gov.it/sites/default/files/archivio/bandi/ECI/TESTO_COORDINATO_AVVISO_M2C1_1I1_1-LINEA_C.pdf,2021-12-14,2022-03-16
Ministero dell'Interno,"Approvazione del modello con il quale le citta' metropolitane, in attuazione della linea progettuale «Piani integrati - M5C2 - Investimento 2.2» nell'ambito del Piano nazionale di ripresa e resilienza, individuano gli interventi finanziabili per investimenti in progetti relativi a piani urbani integrati, per interventi di valore non inferiore a 50 milioni di euro, nel limite massimo delle risorse assegnate dall'allegato 1 dell'articolo 21, comma 3, del decreto-legge 6 novembre 2021, n. 152.",14/12/21,17/03/22,https://dait.interno.gov.it/documenti/decreto-fl-06-12-2021.pdf,2021-12-14,2022-03-17
Ministero dell'Interno,"Approvazione del modello con il quale le citta' metropolitane, in attuazione della linea progettuale «Piani integrati - M5C2 - Investimento 2.2» nell'ambito del Piano nazionale di ripresa e resilienza, individuano gli interventi finanziabili per investimenti in progetti relativi a piani urbani integrati, per interventi di valore non inferiore a 50 milioni di euro, nel limite massimo delle risorse assegnate dall'allegato 1 dell'articolo 21, comma 3, del decreto-legge 6 novembre 2021, n. 152.",14/12/21,07/03/22,https://dait.interno.gov.it/documenti/decreto-fl-06-12-2021.pdf,2021-12-14,2022-03-07
Ministero delle Politiche giovanili,"Bando per la selezione di 56.205 operatori volontari da impiegare in progetti relativi a programmi di intervento di Servizio civile universale da realizzarsi in Italia, all’estero, nei territori delle regioni interessate dal Programma Operativo Nazionale - Iniziativa Occupazione Giovani (PON-IOG “Garanzia Giovani” – Misura 6 bis) e in programmi di intervento specifici per la sperimentazione del “Servizio civile digitale”",14/12/21,26/01/22,https://www.politichegiovanili.gov.it/comunicazione/avvisi-e-bandi/servizio-civile/bandi-di-selezione-volontari/bando-ordinario-2021,2021-12-14,2022-01-26
Ministero delle Infrastrutture e mobilità sostenibili,"Interventi di manutenzione straordinaria ed efficientamento energetico dell’edificio sede del Tribunale in piazza F.U. Di Blasi. Attività di diagnosi energetica, comprensivo di rilievo geometrico, tecnologico e impiantistico CUP: D69J21000390001 - SMART CIG: Z5E33B4AFA.",14/12/21,13/01/22,https://trasparenza.mit.gov.it/index.php?id_oggetto=11&id_doc=275820,2021-12-14,2022-01-13
Ministero della Giustizia,"Interventi di manutenzione straordinaria ed efficientamento energetico dell’edificio sede del Tribunale in piazza F.U. Di Blasi. Attività di diagnosi energetica, comprensivo di rilievo geometrico, tecnologico e impiantistico CUP: D69J21000390001 - SMART CIG: Z5E33B4AFA.",14/12/21,13/01/22,https://trasparenza.mit.gov.it/index.php?id_oggetto=11&id_doc=275820,2021-12-14,2022-01-13
Ministero della Transizione ecologica,Isole Verdi,14/12/21,13/04/22,https://www.mite.gov.it/pagina/pnrr-isole-verdi,2021-12-14,2022-04-13
Ministero della Cultura,"Piano Nazionale di Ripresa e Resilienza (PNRR) a titolarità del Ministero della Cultura (MiC). Missione 1 – Component 3 (M1C3) - Investimento 2.1 - “Attrattività dei borghi” – Linea A - PROGETTI PILOTA PER LA RIGENERAZIONE CULTURALE, SOCIALE ED ECONOMICA DEI BORGHI A RISCHIO ABBANDONO E ABBANDONATI",09/12/21,15/03/22,https://cultura.gov.it/comunicato/21911,2021-12-09,2022-03-15
Ministero della Cultura,"“Attrattività dei borghi” – Linea A - Progetti pilota per la rigenerazione culturale, sociale ed economica dei borghi a rischio abbandono e abbandonati",09/12/21,15/03/22,https://cultura.gov.it/comunicato/21911,2021-12-09,2022-03-15
Ministero dell'Istruzione,"Realizzazione di Nuove Scuole, innovative, sostenibili, sicure e inclusive",03/12/21,08/02/22,https://pnrr.istruzione.it/avviso/nuove-scuole/,2021-12-03,2022-02-08
Ministero dell'Istruzione,Avviso Pubblico per aumentare l'offerta di attività sportive a scuola,02/12/21,28/02/22,https://pnrr.istruzione.it/avviso/potenziamento-delle-infrastrutture-per-lo-sport-a-scuola,2021-12-02,2022-02-28
Ministero dell'Istruzione,Avviso Pubblico per aumentare l'offerta di servizi educativi nella fascia 0-6,02/12/21,28/02/22,https://pnrr.istruzione.it/wp-content/uploads/2021/11/m_pi.AOODGEFID.REGISTRO-UFFICIALEU.0048047.02-12-2021.pdf,2021-12-02,2022-02-28
Ministero dell'Istruzione,Avviso Pubblico per aumentare la disponibilità delle mense,02/12/21,28/02/22,https://pnrr.istruzione.it/avviso/mense/,2021-12-02,2022-02-28
Ministero della Pubblica Amministrazione,Avviso per la ricerca di Agronomi,30/11/21,06/12/21,https://www.inpa.gov.it/bandi-e-avvisi/dettaglio-bando-avviso/?concorso_id=fac7ace320e04776ae9b93065f5223a7,2021-11-30,2021-12-06
Ministero della Pubblica Amministrazione,Avviso per la ricerca di Architetti,30/11/21,06/12/21,https://www.inpa.gov.it/bandi-e-avvisi/dettaglio-bando-avviso/?concorso_id=3591054c22d94077a73ed0c4133d6aeb,2021-11-30,2021-12-06
Ministero della Pubblica Amministrazione,Avviso per la ricerca di Avvocati esperti in diritto ambientale,30/11/21,06/12/21,https://www.inpa.gov.it/bandi-e-avvisi/dettaglio-bando-avviso/?concorso_id=d2c37fbda8704f169c0b006f698f100e,2021-11-30,2021-12-06
Ministero della Pubblica Amministrazione,Avviso per la ricerca di Biologi,30/11/21,06/12/21,https://www.inpa.gov.it/bandi-e-avvisi/dettaglio-bando-avviso/?concorso_id=e7b1ba31e5814c3e89b1dfd486cd3e25,2021-11-30,2021-12-06
Ministero della Pubblica Amministrazione,Avviso per la ricerca di Esperti Amministrativi,30/11/21,06/12/21,https://www.inpa.gov.it/bandi-e-avvisi/dettaglio-bando-avviso/?concorso_id=91b0b94e990544e091f34e1a3353aa99,2021-11-30,2021-12-06
Ministero della Pubblica Amministrazione,Avviso per la ricerca di Esperti Giuridici,30/11/21,06/12/21,https://www.inpa.gov.it/bandi-e-avvisi/dettaglio-bando-avviso/?concorso_id=83003c2ff90a4b8fb9686f328288cb83%20,2021-11-30,2021-12-06
Ministero della Pubblica Amministrazione,Avviso per la ricerca di Esperti Informatici,30/11/21,06/12/21,https://www.inpa.gov.it/bandi-e-avvisi/dettaglio-bando-avviso/?concorso_id=0a431bc9a2f04ec9a16ea798dcf2ee30,2021-11-30,2021-12-06
Ministero della Pubblica Amministrazione,Avviso per la ricerca di Esperti digitali,30/11/21,06/12/21,https://www.inpa.gov.it/bandi-e-avvisi/dettaglio-bando-avviso/?concorso_id=6a81cb5abe144a2bbe2c04ac0ce6af14,2021-11-30,2021-12-06
Ministero della Pubblica Amministrazione,Avviso per la ricerca di Esperti gestionali,30/11/21,06/12/21,https://www.inpa.gov.it/bandi-e-avvisi/dettaglio-bando-avviso/?concorso_id=89aec73c061140728ecde4618f2b2a8f,2021-11-30,2021-12-06
Ministero della Pubblica Amministrazione,Avviso per la ricerca di Esperti in Ambiente,30/11/21,06/12/21,https://www.inpa.gov.it/bandi-e-avvisi/dettaglio-bando-avviso/?concorso_id=61c54f051e8443d088ad7a4023f1d4b9,2021-11-30,2021-12-06
Ministero della Pubblica Amministrazione,Avviso per la ricerca di Esperti nella gestione e nel monitoraggio di progetti complessi,30/11/21,06/12/21,https://www.inpa.gov.it/bandi-e-avvisi/dettaglio-bando-avviso/?concorso_id=1ff349dcef0f4f35a72115a61098a034,2021-11-30,2021-12-06
Ministero della Pubblica Amministrazione,Avviso per la ricerca di Ingegneri ambientali,30/11/21,06/12/21,https://www.inpa.gov.it/bandi-e-avvisi/dettaglio-bando-avviso/?concorso_id=9c075d9eabc84afca99058b5a424bd2,2021-11-30,2021-12-06
Ministero della Pubblica Amministrazione,Avviso per la ricerca di Ingegneri informatici,30/11/21,06/12/21,https://www.inpa.gov.it/bandi-e-avvisi/dettaglio-bando-avviso/?concorso_id=d0b017f03a5a483883815abedbdd9fde,2021-11-30,2021-12-06
Ministero della Pubblica Amministrazione,Chimici o Fisici,30/11/21,06/12/21,https://www.inpa.gov.it/bandi-e-avvisi/dettaglio-bando-avviso/?concorso_id=c86e6b49138a4dc79ed115a4b05999a3,2021-11-30,2021-12-06
Ministero della Pubblica Amministrazione,Esperti Rinnovabili,30/11/21,06/12/21,https://www.inpa.gov.it/bandi-e-avvisi/dettaglio-bando-avviso/?concorso_id=401978b94e7246abaaaa371cc8efb82d,2021-11-30,2021-12-06
Ministero della Pubblica Amministrazione,Esperti Tecnici in appalti,30/11/21,06/12/21,https://www.inpa.gov.it/bandi-e-avvisi/dettaglio-bando-avviso/?concorso_id=313060b7dedf46aeb7a565760aae2676,2021-11-30,2021-12-06
Ministero della Pubblica Amministrazione,Esperti in contabilità pubblica e in rendicontazione dei fondi europei,30/11/21,06/12/21,https://www.inpa.gov.it/bandi-e-avvisi/dettaglio-bando-avviso/?concorso_id=d2d1350e79c64ba780f48d31a87bc309,2021-11-30,2021-12-06
Ministero della Pubblica Amministrazione,Esperti in edilizia,30/11/21,06/12/21,https://www.inpa.gov.it/bandi-e-avvisi/dettaglio-bando-avviso/?concorso_id=e81ce61068f548eb937fb8aff369098f,2021-11-30,2021-12-06
